{
    "settings": {
        "options": {
            "show_on_front": "page",
            "featured-content": {
                "tag-id": 35890,
                "tag-name": "featured",
                "hide-tag": 0,
                "show-all": 1
            },
            "jetpack_global_styles": false
        },
        "theme_mods": {
            "0": false,
            "nav_menu_locations": {
                "primary": null
            },
            "custom_css_post_id": -1
        },
        "headstart": {
            "mapped_id_options": [],
            "mapped_id_theme_mods": [],
            "keep_submenu_items": true
        }
    },
    "widgets": [],
    "content": [
        {
            "post_type": "page",
            "post_title": "Home",
            "post_content": "<!-- wp:cover {\"url\":\"https:\/\/attardemo.files.wordpress.com\/2022\/02\/pexels-karolina-grabowska-4041392.jpg\",\"id\":11,\"dimRatio\":0,\"focalPoint\":{\"x\":0,\"y\":\"0.50\"},\"minHeight\":75,\"minHeightUnit\":\"vh\",\"contentPosition\":\"center center\",\"isDark\":false,\"align\":\"full\"} -->\n<div class=\"wp-block-cover alignfull is-light\" style=\"min-height:75vh;\"><span aria-hidden=\"true\" class=\"wp-block-cover__background has-background-dim-0 has-background-dim\"><\/span><img class=\"wp-block-cover__image-background wp-image-11\" alt=\"\" src=\"https:\/\/attardemo.files.wordpress.com\/2022\/02\/pexels-karolina-grabowska-4041392.jpg\" style=\"object-position:0 50%;\" data-object-fit=\"cover\" data-object-position=\"0% 50%\" \/><div class=\"wp-block-cover__inner-container\"><!-- wp:jetpack\/layout-grid {\"column1DesktopSpan\":4,\"column1DesktopOffset\":1,\"column1TabletSpan\":4,\"column1MobileSpan\":4,\"column2DesktopOffset\":12,\"column2TabletOffset\":5,\"className\":\"column1-desktop-grid__span-4 column1-desktop-grid__start-2 column1-desktop-grid__row-1 column1-tablet-grid__span-4 column1-tablet-grid__row-1 column1-mobile-grid__span-4 column1-mobile-grid__row-1\"} -->\n<div class=\"wp-block-jetpack-layout-grid alignfull column1-desktop-grid__span-4 column1-desktop-grid__start-2 column1-desktop-grid__row-1 column1-tablet-grid__span-4 column1-tablet-grid__row-1 column1-mobile-grid__span-4 column1-mobile-grid__row-1\"><!-- wp:jetpack\/layout-grid-column -->\n<div class=\"wp-block-jetpack-layout-grid-column wp-block-jetpack-layout-grid__padding-none\"><!-- wp:heading {\"style\":{\"typography\":{\"fontSize\":\"48px\",\"fontStyle\":\"normal\",\"fontWeight\":\"500\"}}} -->\n<h2 id=\"100-pure-roseessential-oil\" style=\"font-size:48px;font-style:normal;font-weight:500;\">100% Pure Rose<br>Essential Oil<\/h2>\n<!-- \/wp:heading -->\n\n<!-- wp:paragraph -->\n<p>Our range of high-quality essential oils has been hand-picked by our scent specialists.<\/p>\n<!-- \/wp:paragraph -->\n\n<!-- wp:buttons -->\n<div class=\"wp-block-buttons\"><!-- wp:button {\"style\":{\"border\":{\"radius\":\"0px\"}},\"className\":\"is-style-outline\"} -->\n<div class=\"wp-block-button is-style-outline\"><a class=\"wp-block-button__link\" style=\"border-radius:0;\">Shop Now<\/a><\/div>\n<!-- \/wp:button --><\/div>\n<!-- \/wp:buttons --><\/div>\n<!-- \/wp:jetpack\/layout-grid-column --><\/div>\n<!-- \/wp:jetpack\/layout-grid --><\/div><\/div>\n<!-- \/wp:cover -->\n\n<!-- wp:group {\"style\":{\"spacing\":{\"padding\":{\"top\":\"5vh\",\"bottom\":\"5vh\"}}}} -->\n<div class=\"wp-block-group\" style=\"padding-top:5vh;padding-bottom:5vh;\"><!-- wp:heading {\"textAlign\":\"center\",\"style\":{\"typography\":{\"lineHeight\":\"1.5\"}},\"fontSize\":\"large\"} -->\n<h2 class=\"has-text-align-center has-large-font-size\" id=\"rose-essential-oil-is-known-for-its-moisturizing-comforting-and-balancing-properties\" style=\"line-height:1.5;\">Rose essential oil is known for its moisturizing, comforting, and balancing properties.<\/h2>\n<!-- \/wp:heading --><\/div>\n<!-- \/wp:group -->\n\n<!-- wp:separator {\"customColor\":\"#e5e5e5\",\"align\":\"full\",\"className\":\"is-style-wide\"} -->\n<hr class=\"wp-block-separator alignfull has-text-color has-background is-style-wide\" style=\"background-color:#e5e5e5;color:#e5e5e5;\" \/>\n<!-- \/wp:separator -->\n\n<!-- wp:group {\"align\":\"wide\",\"style\":{\"spacing\":{\"padding\":{\"top\":\"5vh\",\"bottom\":\"5vh\"}}}} -->\n<div class=\"wp-block-group alignwide\" style=\"padding-top:5vh;padding-bottom:5vh;\"><!-- wp:columns -->\n<div class=\"wp-block-columns\"><!-- wp:column -->\n<div class=\"wp-block-column\"><!-- wp:image {\"id\":19,\"sizeSlug\":\"large\",\"linkDestination\":\"none\"} -->\n<figure class=\"wp-block-image size-large\"><img src=\"https:\/\/attardemo.files.wordpress.com\/2022\/02\/pexels-karolina-grabowska-4041391.jpg?w=777\" alt=\"\" class=\"wp-image-19\" \/><\/figure>\n<!-- \/wp:image --><\/div>\n<!-- \/wp:column -->\n\n<!-- wp:column -->\n<div class=\"wp-block-column\"><!-- wp:heading {\"style\":{\"typography\":{\"fontStyle\":\"normal\",\"fontWeight\":\"500\"}}} -->\n<h2 id=\"pure-rose-essential-oil\" style=\"font-style:normal;font-weight:500;\">Pure Rose Essential Oil<\/h2>\n<!-- \/wp:heading -->\n\n<!-- wp:paragraph {\"fontSize\":\"small\"} -->\n<p class=\"has-small-font-size\">Rose Petal Extract, 5 ml<\/p>\n<!-- \/wp:paragraph -->\n\n<!-- wp:heading {\"fontSize\":\"medium\"} -->\n<h2 class=\"has-medium-font-size\" id=\"129-00\">$129.00<\/h2>\n<!-- \/wp:heading -->\n\n<!-- wp:jetpack\/recurring-payments -->\n<div class=\"wp-block-jetpack-recurring-payments\"><!-- wp:jetpack\/button {\"element\":\"a\",\"text\":\"Buy Now\",\"borderRadius\":0,\"className\":\"\"} \/--><\/div>\n<!-- \/wp:jetpack\/recurring-payments -->\n\n<!-- wp:spacer {\"height\":\"40px\"} -->\n<div style=\"height:40px;\" aria-hidden=\"true\" class=\"wp-block-spacer\"><\/div>\n<!-- \/wp:spacer -->\n\n<!-- wp:paragraph -->\n<p><strong>Description<\/strong><\/p>\n<!-- \/wp:paragraph -->\n\n<!-- wp:paragraph {\"fontSize\":\"small\"} -->\n<p class=\"has-small-font-size\">A soft, floral scent to calm the body and mind. <\/p>\n<!-- \/wp:paragraph -->\n\n<!-- wp:paragraph -->\n<p><strong>Shipping<\/strong><\/p>\n<!-- \/wp:paragraph -->\n\n<!-- wp:paragraph {\"fontSize\":\"small\"} -->\n<p class=\"has-small-font-size\">We ship our products worldwide, with a flat shipping rate.<\/p>\n<!-- \/wp:paragraph --><\/div>\n<!-- \/wp:column --><\/div>\n<!-- \/wp:columns --><\/div>\n<!-- \/wp:group -->\n\n<!-- wp:separator {\"customColor\":\"#e5e5e5\",\"align\":\"full\",\"className\":\"is-style-wide\"} -->\n<hr class=\"wp-block-separator alignfull has-text-color has-background is-style-wide\" style=\"background-color:#e5e5e5;color:#e5e5e5;\" \/>\n<!-- \/wp:separator -->\n\n<!-- wp:group {\"style\":{\"spacing\":{\"padding\":{\"top\":\"6vh\",\"bottom\":\"6vh\"}}}} -->\n<div class=\"wp-block-group\" style=\"padding-top:6vh;padding-bottom:6vh;\"><!-- wp:heading {\"textAlign\":\"center\",\"style\":{\"typography\":{\"lineHeight\":\"1.5\"}},\"fontSize\":\"large\"} -->\n<h2 class=\"has-text-align-center has-large-font-size\" id=\"my-all-time-favourite-scent-it-smells-divine-and-lasts-all-day-a-true-and-beautiful-rose-fragrance\" style=\"line-height:1.5;\"><em>\u201cMy all time favourite scent. It smells divine and lasts all day! A true and beautiful rose fragrance.\u201d<\/em><\/h2>\n<!-- \/wp:heading -->\n\n<!-- wp:paragraph {\"align\":\"center\",\"fontSize\":\"small\"} -->\n<p class=\"has-text-align-center has-small-font-size\">Sarah from Melbourne<\/p>\n<!-- \/wp:paragraph --><\/div>\n<!-- \/wp:group -->\n\n<!-- wp:group {\"align\":\"full\",\"style\":{\"spacing\":{\"padding\":{\"top\":\"6vh\",\"bottom\":\"6vh\"}},\"elements\":{\"link\":{\"color\":{\"text\":\"var:preset|color|background\"}}}},\"backgroundColor\":\"foreground\",\"textColor\":\"background\",\"layout\":{\"inherit\":true}} -->\n<div class=\"wp-block-group alignfull has-background-color has-foreground-background-color has-text-color has-background has-link-color\" style=\"padding-top:6vh;padding-bottom:6vh;\"><!-- wp:jetpack\/layout-grid {\"gutterSize\":\"medium\",\"column1DesktopSpan\":5,\"column1DesktopOffset\":1,\"column1TabletSpan\":4,\"column1MobileSpan\":4,\"column2DesktopSpan\":2,\"column2DesktopOffset\":1,\"column2TabletSpan\":2,\"column2MobileSpan\":4,\"column3DesktopSpan\":2,\"column3TabletSpan\":2,\"column3MobileSpan\":4,\"column4DesktopOffset\":6,\"column4TabletOffset\":9,\"className\":\"column1-desktop-grid__span-5 column1-desktop-grid__start-2 column1-desktop-grid__row-1 column2-desktop-grid__span-2 column2-desktop-grid__start-8 column2-desktop-grid__row-1 column3-desktop-grid__span-2 column3-desktop-grid__start-10 column3-desktop-grid__row-1 column1-tablet-grid__span-4 column1-tablet-grid__row-1 column2-tablet-grid__span-2 column2-tablet-grid__start-5 column2-tablet-grid__row-1 column3-tablet-grid__span-2 column3-tablet-grid__start-7 column3-tablet-grid__row-1 column1-mobile-grid__span-4 column1-mobile-grid__row-1 column2-mobile-grid__span-4 column2-mobile-grid__row-2 column3-mobile-grid__span-4 column3-mobile-grid__row-3\"} -->\n<div class=\"wp-block-jetpack-layout-grid alignfull column1-desktop-grid__span-5 column1-desktop-grid__start-2 column1-desktop-grid__row-1 column2-desktop-grid__span-2 column2-desktop-grid__start-8 column2-desktop-grid__row-1 column3-desktop-grid__span-2 column3-desktop-grid__start-10 column3-desktop-grid__row-1 column1-tablet-grid__span-4 column1-tablet-grid__row-1 column2-tablet-grid__span-2 column2-tablet-grid__start-5 column2-tablet-grid__row-1 column3-tablet-grid__span-2 column3-tablet-grid__start-7 column3-tablet-grid__row-1 column1-mobile-grid__span-4 column1-mobile-grid__row-1 column2-mobile-grid__span-4 column2-mobile-grid__row-2 column3-mobile-grid__span-4 column3-mobile-grid__row-3 wp-block-jetpack-layout-gutter__medium\"><!-- wp:jetpack\/layout-grid-column -->\n<div class=\"wp-block-jetpack-layout-grid-column wp-block-jetpack-layout-grid__padding-none\"><!-- wp:heading {\"level\":5} -->\n<h5 id=\"join-the-mailing-list\"><strong>Join the Mailing List<\/strong><\/h5>\n<!-- \/wp:heading -->\n\n<!-- wp:paragraph {\"fontSize\":\"small\"} -->\n<p class=\"has-small-font-size\">Subscribe to our newsletter and receive 10% off on your first order.<\/p>\n<!-- \/wp:paragraph -->\n\n<!-- wp:jetpack\/subscriptions {\"borderColor\":\"#ffffff\",\"customBorderColor\":\"#ffffff\",\"spacing\":0} -->\n<div class=\"wp-block-jetpack-subscriptions wp-block-jetpack-subscriptions__supports-newline\">[jetpack_subscription_form show_subscribers_total=\"false\" button_on_newline=\"false\" custom_font_size=\"16px\" custom_border_radius=\"0\" custom_border_weight=\"1\" custom_border_color=\"#ffffff\" custom_padding=\"15\" custom_spacing=\"10\" submit_button_classes=\"has-ffffff-border-color\" email_field_classes=\"has-ffffff-border-color\" show_only_email_and_button=\"true\" success_message=\"Success! An email was just sent to confirm your subscription. Please find the email now and click 'Confirm Follow' to start subscribing.\"]<\/div>\n<!-- \/wp:jetpack\/subscriptions --><\/div>\n<!-- \/wp:jetpack\/layout-grid-column -->\n\n<!-- wp:jetpack\/layout-grid-column -->\n<div class=\"wp-block-jetpack-layout-grid-column wp-block-jetpack-layout-grid__padding-none\"><!-- wp:heading {\"level\":5} -->\n<h5 id=\"the-small-print\"><strong>The Small Print<\/strong><\/h5>\n<!-- \/wp:heading -->\n\n<!-- wp:paragraph {\"fontSize\":\"small\"} -->\n<p class=\"has-small-font-size\"><a href=\"#\">Delivery<\/a> <\/p>\n<!-- \/wp:paragraph -->\n\n<!-- wp:paragraph {\"fontSize\":\"small\"} -->\n<p class=\"has-small-font-size\"><a href=\"#\">Returns<\/a><\/p>\n<!-- \/wp:paragraph -->\n\n<!-- wp:paragraph {\"fontSize\":\"small\"} -->\n<p class=\"has-small-font-size\"><a href=\"#\">FAQ<\/a><\/p>\n<!-- \/wp:paragraph --><\/div>\n<!-- \/wp:jetpack\/layout-grid-column -->\n\n<!-- wp:jetpack\/layout-grid-column -->\n<div class=\"wp-block-jetpack-layout-grid-column wp-block-jetpack-layout-grid__padding-none\"><!-- wp:heading {\"level\":5} -->\n<h5 id=\"social-media\"><strong>Social Media<\/strong><\/h5>\n<!-- \/wp:heading -->\n\n<!-- wp:paragraph {\"textColor\":\"background\",\"fontSize\":\"small\"} -->\n<p class=\"has-background-color has-text-color has-small-font-size\"><a href=\"#\">Facebook<\/a><\/p>\n<!-- \/wp:paragraph -->\n\n<!-- wp:paragraph {\"fontSize\":\"small\"} -->\n<p class=\"has-small-font-size\"><a href=\"#\">Instagram<\/a><\/p>\n<!-- \/wp:paragraph -->\n\n<!-- wp:paragraph {\"fontSize\":\"small\"} -->\n<p class=\"has-small-font-size\"><a href=\"#\">Pinterest<\/a><\/p>\n<!-- \/wp:paragraph --><\/div>\n<!-- \/wp:jetpack\/layout-grid-column --><\/div>\n<!-- \/wp:jetpack\/layout-grid --><\/div>\n<!-- \/wp:group -->",
            "post_name": "home",
            "post_excerpt": "",
            "menu_order": 0,
            "post_status": "publish",
            "comment_status": "closed",
            "ping_status": "closed",
            "_starter_page_template": "blank",
            "hs_old_id": 2,
            "hs_post_parent": 0,
            "hs_taxonomies": [],
            "hs_custom_meta": "_hs_front_page",
            "page_template": "header-footer-only"
        }
    ],
    "menus": [],
    "images": [
        "https:\/\/attardemo.files.wordpress.com\/2022\/02\/pexels-karolina-grabowska-4041391.jpg",
        "https:\/\/attardemo.files.wordpress.com\/2022\/02\/pexels-karolina-grabowska-4041392.jpg"
    ],
    "meta": {
        "blog_id": 203087537,
        "url": "https:\/\/attardemo.wordpress.com",
        "update_date": "February 28, 2022, 5:33 am",
        "update_timestamp": 1646026409
    }
}
